{
    "loss": 2998.812255859375,
    "accuracy": 0.9021202921867371
}